DateTime,Temperature
2021-06-03T15:16:17,21.187000000000005
2021-06-03T15:16:36,21.187000000000005
2021-06-03T15:16:54,21.187000000000005
2021-06-03T15:17:12,21.187000000000005
2021-06-03T15:17:31,21.187000000000005
2021-06-03T15:17:49,21.187000000000005
2021-06-03T15:18:08,21.187000000000005
2021-06-03T15:18:26,21.187000000000005
2021-06-03T15:18:44,21.187000000000005
2021-06-03T15:19:03,21.187000000000005
2021-06-03T15:19:21,21.187000000000005
2021-06-03T15:19:40,21.187000000000005
2021-06-03T15:19:58,21.187000000000005
2021-06-03T15:20:16,21.187000000000005
2021-06-03T15:20:35,21.187000000000005
2021-06-03T15:20:53,21.187000000000005
2021-06-03T15:21:12,21.187000000000005
2021-06-03T15:21:30,21.187000000000005
2021-06-03T15:21:49,21.1933
2021-06-03T15:22:07,21.1933
2021-06-03T15:22:25,21.193300000000004
2021-06-03T15:22:44,21.205900000000003
2021-06-03T15:23:02,21.212200000000003
2021-06-03T15:23:21,21.231099999999998
2021-06-03T15:23:39,21.2374
2021-06-03T15:23:58,21.224800000000002
2021-06-03T15:24:16,21.224800000000002
2021-06-03T15:24:34,21.205900000000003
2021-06-03T15:24:53,21.2311
2021-06-03T15:25:11,21.1996
2021-06-03T15:25:30,21.187000000000005
2021-06-03T15:25:48,21.193300000000004
2021-06-03T15:26:07,21.1996
2021-06-03T15:26:25,21.187000000000005
2021-06-03T15:26:43,21.187000000000005
2021-06-03T15:27:02,21.193300000000004
2021-06-03T15:27:20,21.193300000000004
2021-06-03T15:27:39,21.187000000000005
2021-06-03T15:27:57,21.187000000000005
2021-06-03T15:28:16,21.187000000000005
2021-06-03T15:28:34,21.187000000000005
2021-06-03T15:28:52,21.1933
2021-06-03T15:29:11,21.199600000000004
2021-06-03T15:29:29,21.193300000000004
2021-06-03T15:29:48,21.205900000000003
2021-06-03T15:30:06,21.199600000000004
2021-06-03T15:30:24,21.187000000000005
2021-06-03T15:30:43,21.212200000000003
2021-06-03T15:31:01,21.193300000000004
2021-06-03T15:31:20,21.2248
2021-06-03T15:31:38,21.218500000000002
2021-06-03T15:31:57,21.2437
2021-06-03T15:32:15,21.25
2021-06-03T15:32:33,21.25
2021-06-03T15:32:52,21.25
2021-06-03T15:33:10,21.25
2021-06-03T15:33:29,21.25
2021-06-03T15:33:47,21.25
2021-06-03T15:34:05,21.25
2021-06-03T15:34:24,21.25
2021-06-03T15:34:42,21.25
2021-06-03T15:35:01,21.25
2021-06-03T15:35:19,21.25
2021-06-03T15:35:37,21.25
2021-06-03T15:35:56,21.25
2021-06-03T15:36:14,21.25
2021-06-03T15:36:33,21.25
2021-06-03T15:36:51,21.25
2021-06-03T15:37:10,21.25
2021-06-03T15:37:28,21.25
2021-06-03T15:37:46,21.25
2021-06-03T15:38:05,21.25
2021-06-03T15:38:23,21.25
2021-06-03T15:38:42,21.231100000000005
2021-06-03T15:39:00,21.2374
2021-06-03T15:39:18,21.25
2021-06-03T15:39:37,21.25
2021-06-03T15:39:55,21.25
2021-06-03T15:40:14,21.25
2021-06-03T15:40:32,21.2437
2021-06-03T15:40:51,21.25
2021-06-03T15:41:09,21.25
2021-06-03T15:41:27,21.25
2021-06-03T15:41:46,21.25
2021-06-03T15:42:04,21.25
2021-06-03T15:42:23,21.25
2021-06-03T15:42:41,21.25
2021-06-03T15:42:59,21.2437
2021-06-03T15:43:18,21.25
2021-06-03T15:43:36,21.2437
2021-06-03T15:43:55,21.25
2021-06-03T15:44:13,21.2437
2021-06-03T15:44:32,21.25
2021-06-03T15:44:50,21.2437
2021-06-03T15:45:08,21.2437
2021-06-03T15:45:27,21.2374
2021-06-03T15:45:45,21.1996
2021-06-03T15:46:04,21.205900000000003
2021-06-03T15:46:22,21.199600000000004
2021-06-03T15:46:41,21.187000000000005
2021-06-03T15:46:59,21.193300000000004
2021-06-03T15:47:17,21.193300000000004
2021-06-03T15:47:36,21.218500000000002
2021-06-03T15:47:54,21.187000000000005
2021-06-03T15:48:13,21.187000000000005
2021-06-03T15:48:31,21.1933
2021-06-03T15:48:49,21.1933
2021-06-03T15:49:08,21.187000000000005
2021-06-03T15:49:26,21.187000000000005
2021-06-03T15:49:45,21.187000000000005
2021-06-03T15:50:03,21.187000000000005
2021-06-03T15:50:21,21.187000000000005
2021-06-03T15:50:40,21.187000000000005
2021-06-03T15:50:58,21.187000000000005
2021-06-03T15:51:17,21.187000000000005
2021-06-03T15:51:35,21.187000000000005
2021-06-03T15:51:54,21.187000000000005
2021-06-03T15:52:12,21.199600000000004
2021-06-03T15:52:31,21.187000000000005
2021-06-03T15:52:49,21.187000000000005
2021-06-03T15:53:07,21.187000000000005
2021-06-03T15:53:26,21.187000000000005
2021-06-03T15:53:44,21.187000000000005
2021-06-03T15:54:03,21.187000000000005
2021-06-03T15:54:21,21.187000000000005
2021-06-03T15:54:39,21.187000000000005
2021-06-03T15:54:58,21.187000000000005
2021-06-03T15:55:16,21.187000000000005
2021-06-03T15:55:35,21.187000000000005
2021-06-03T15:55:53,21.187000000000005
2021-06-03T15:56:11,21.187000000000005
2021-06-03T15:56:30,21.187000000000005
2021-06-03T15:56:48,21.187000000000005
2021-06-03T15:57:07,21.187000000000005
2021-06-03T15:57:25,21.187000000000005
2021-06-03T15:57:44,21.187000000000005
2021-06-03T15:58:02,21.187000000000005
2021-06-03T15:58:20,21.187000000000005
2021-06-03T15:58:39,21.187000000000005
2021-06-03T15:58:57,21.187000000000005
2021-06-03T15:59:16,21.187000000000005
2021-06-03T15:59:34,21.187000000000005
2021-06-03T15:59:52,21.187000000000005
2021-06-03T16:00:11,21.187000000000005
2021-06-03T16:00:29,21.187000000000005
2021-06-03T16:00:48,21.187000000000005
2021-06-03T16:01:06,21.187000000000005
2021-06-03T16:01:25,21.187000000000005
2021-06-03T16:01:43,21.187000000000005
2021-06-03T16:02:01,21.187000000000005
2021-06-03T16:02:20,21.187000000000005
2021-06-03T16:02:38,21.187000000000005
2021-06-03T16:02:57,21.187000000000005
2021-06-03T16:03:15,21.187000000000005
2021-06-03T16:03:33,21.187000000000005
2021-06-03T16:03:52,21.187000000000005
2021-06-03T16:04:10,21.187000000000005
2021-06-03T16:04:29,21.187000000000005
2021-06-03T16:04:47,21.187000000000005
2021-06-03T16:05:06,21.187000000000005
2021-06-03T16:05:24,21.187000000000005
2021-06-03T16:05:43,21.187000000000005
2021-06-03T16:06:01,21.187000000000005
2021-06-03T16:06:19,21.187000000000005
2021-06-03T16:06:38,21.187000000000005
2021-06-03T16:06:56,21.187000000000005
2021-06-03T16:07:15,21.187000000000005
2021-06-03T16:07:33,21.187000000000005
2021-06-03T16:07:52,21.187000000000005
2021-06-03T16:08:10,21.187000000000005
2021-06-03T16:08:29,21.187000000000005
2021-06-03T16:08:47,21.187000000000005
2021-06-03T16:09:05,21.187000000000005
2021-06-03T16:09:24,21.187000000000005
2021-06-03T16:09:42,21.187000000000005
2021-06-03T16:10:01,21.187000000000005
2021-06-03T16:10:19,21.187000000000005
2021-06-03T16:10:38,21.187000000000005
2021-06-03T16:10:56,21.1933
2021-06-03T16:11:14,21.2059
2021-06-03T16:11:33,21.2311
2021-06-03T16:11:51,21.2437
2021-06-03T16:12:10,21.2437
2021-06-03T16:12:28,21.25
2021-06-03T16:12:46,21.2437
2021-06-03T16:13:05,21.25
2021-06-03T16:13:24,21.2437
2021-06-03T16:13:42,21.25
2021-06-03T16:14:00,21.25
2021-06-03T16:14:19,21.25
2021-06-03T16:14:37,21.25
2021-06-03T16:14:56,21.25
2021-06-03T16:15:14,21.25
2021-06-03T16:15:32,21.25
2021-06-03T16:15:51,21.25
2021-06-03T16:16:09,21.25
2021-06-03T16:16:28,21.25
2021-06-03T16:16:46,21.25
2021-06-03T16:17:04,21.25
2021-06-03T16:17:23,21.25
2021-06-03T16:17:41,21.25
2021-06-03T16:18:00,21.25
2021-06-03T16:18:18,21.25
2021-06-03T16:18:37,21.25
2021-06-03T16:18:55,21.25
2021-06-03T16:19:13,21.25
2021-06-03T16:19:32,21.25
2021-06-03T16:19:50,21.25
2021-06-03T16:20:09,21.2437
2021-06-03T16:20:27,21.25
2021-06-03T16:20:45,21.25
2021-06-03T16:21:04,21.2437
2021-06-03T16:21:22,21.25
2021-06-03T16:21:41,21.25
2021-06-03T16:21:59,21.2437
2021-06-03T16:22:17,21.25
2021-06-03T16:22:36,21.25
2021-06-03T16:22:54,21.25
2021-06-03T16:23:13,21.25
2021-06-03T16:23:31,21.25
2021-06-03T16:23:50,21.25
2021-06-03T16:24:08,21.25
2021-06-03T16:24:26,21.25
2021-06-03T16:24:45,21.25
2021-06-03T16:25:03,21.25
2021-06-03T16:25:22,21.25
2021-06-03T16:25:40,21.25
2021-06-03T16:25:59,21.25
2021-06-03T16:26:17,21.25
2021-06-03T16:26:35,21.25
2021-06-03T16:26:54,21.25
2021-06-03T16:27:12,21.2311
2021-06-03T16:27:31,21.25
2021-06-03T16:27:49,21.25
2021-06-03T16:28:07,21.25
2021-06-03T16:28:26,21.25
2021-06-03T16:28:44,21.2374
2021-06-03T16:29:03,21.25
2021-06-03T16:29:21,21.2437
2021-06-03T16:29:40,21.25
2021-06-03T16:29:58,21.2374
2021-06-03T16:30:16,21.2374
2021-06-03T16:30:35,21.2437
2021-06-03T16:30:53,21.2437
2021-06-03T16:31:12,21.25
2021-06-03T16:31:30,21.25
2021-06-03T16:31:48,21.25
2021-06-03T16:32:07,21.25
2021-06-03T16:32:25,21.25
2021-06-03T16:32:44,21.2437
2021-06-03T16:33:02,21.25
2021-06-03T16:33:21,21.25
2021-06-03T16:33:39,21.25
2021-06-03T16:33:57,21.25
2021-06-03T16:34:16,21.2437
2021-06-03T16:34:34,21.25
2021-06-03T16:34:53,21.25
2021-06-03T16:35:11,21.2374
2021-06-03T16:35:29,21.2374
2021-06-03T16:35:48,21.193300000000004
2021-06-03T16:36:06,21.187000000000005
2021-06-03T16:36:25,21.187000000000005
2021-06-03T16:36:43,21.193300000000004
2021-06-03T16:37:02,21.187000000000005
2021-06-03T16:37:20,21.187000000000005
2021-06-03T16:37:38,21.187000000000005
2021-06-03T16:37:57,21.187000000000005
2021-06-03T16:38:15,21.187000000000005
2021-06-03T16:38:34,21.187000000000005
2021-06-03T16:38:52,21.187000000000005
2021-06-03T16:39:10,21.187000000000005
2021-06-03T16:39:29,21.187000000000005
2021-06-03T16:39:47,21.187000000000005
2021-06-03T16:40:06,21.187000000000005
2021-06-03T16:40:24,21.162200000000002
2021-06-03T16:40:42,21.180800000000005
2021-06-03T16:41:01,21.1436
2021-06-03T16:41:19,21.125
2021-06-03T16:41:38,21.125
2021-06-03T16:41:56,21.125
2021-06-03T16:42:14,21.125
2021-06-03T16:42:33,21.1312
2021-06-03T16:42:51,21.125
2021-06-03T16:43:10,21.125
2021-06-03T16:43:28,21.125
2021-06-03T16:43:47,21.125
2021-06-03T16:44:05,21.125
2021-06-03T16:44:24,21.125
2021-06-03T16:44:42,21.125
2021-06-03T16:45:00,21.125
2021-06-03T16:45:19,21.125
2021-06-03T16:45:37,21.125
2021-06-03T16:45:56,21.125
2021-06-03T16:46:14,21.125
2021-06-03T16:46:32,21.125
2021-06-03T16:46:51,21.125
2021-06-03T16:47:09,21.125
2021-06-03T16:47:28,21.125
2021-06-03T16:47:46,21.125
2021-06-03T16:48:04,21.125
2021-06-03T16:48:23,21.125
2021-06-03T16:48:41,21.125
2021-06-03T16:49:00,21.125
2021-06-03T16:49:18,21.125
2021-06-03T16:49:37,21.125
2021-06-03T16:49:55,21.1187
2021-06-03T16:50:13,21.125
2021-06-03T16:50:32,21.125
2021-06-03T16:50:50,21.125
2021-06-03T16:51:09,21.125
2021-06-03T16:51:27,21.125
2021-06-03T16:51:46,21.125
2021-06-03T16:52:04,21.125
2021-06-03T16:52:22,21.125
2021-06-03T16:52:41,21.137400000000003
2021-06-03T16:52:59,21.156000000000002
2021-06-03T16:53:18,21.162200000000002
2021-06-03T16:53:36,21.1746
2021-06-03T16:53:54,21.162200000000002
2021-06-03T16:54:13,21.187000000000005
2021-06-03T16:54:31,21.187000000000005
2021-06-03T16:54:50,21.187000000000005
2021-06-03T16:55:08,21.187000000000005
2021-06-03T16:55:26,21.187000000000005
2021-06-03T16:55:45,21.187000000000005
2021-06-03T16:56:03,21.180800000000005
2021-06-03T16:56:22,21.174600000000005
2021-06-03T16:56:40,21.174600000000005
2021-06-03T16:56:58,21.174600000000005
2021-06-03T16:57:17,21.162200000000006
2021-06-03T16:57:35,21.174600000000005
2021-06-03T16:57:54,21.168400000000002
2021-06-03T16:58:12,21.162200000000002
2021-06-03T16:58:31,21.162200000000002
2021-06-03T16:58:49,21.187000000000005
2021-06-03T16:59:07,21.180800000000005
2021-06-03T16:59:26,21.187000000000005
2021-06-03T16:59:44,21.168400000000002
2021-06-03T17:00:03,21.187000000000005
2021-06-03T17:00:21,21.187000000000005
2021-06-03T17:00:40,21.187000000000005
2021-06-03T17:00:58,21.187000000000005
2021-06-03T17:01:16,21.1808
2021-06-03T17:01:35,21.180800000000005
2021-06-03T17:01:53,21.168400000000002
2021-06-03T17:02:12,21.149800000000003
2021-06-03T17:02:30,21.1498
2021-06-03T17:02:48,21.1312
2021-06-03T17:03:07,21.1498
2021-06-03T17:03:25,21.1436
2021-06-03T17:03:44,21.156000000000002
2021-06-03T17:04:02,21.1436
2021-06-03T17:04:21,21.162200000000002
2021-06-03T17:04:39,21.1312
2021-06-03T17:04:57,21.125
2021-06-03T17:05:16,21.1498
2021-06-03T17:05:34,21.1808
2021-06-03T17:05:53,21.1808
2021-06-03T17:06:11,21.137400000000003
2021-06-03T17:06:30,21.1436
2021-06-03T17:06:48,21.1436
2021-06-03T17:07:06,21.1374
2021-06-03T17:07:25,21.1312
2021-06-03T17:07:43,21.1312
2021-06-03T17:08:02,21.125
2021-06-03T17:08:20,21.125
2021-06-03T17:08:39,21.125
2021-06-03T17:08:57,21.125
2021-06-03T17:09:15,21.125
2021-06-03T17:09:34,21.125
2021-06-03T17:09:52,21.125
2021-06-03T17:10:11,21.125
2021-06-03T17:10:29,21.125
2021-06-03T17:10:48,21.125
2021-06-03T17:11:06,21.125
2021-06-03T17:11:24,21.125
2021-06-03T17:11:43,21.1312
2021-06-03T17:12:01,21.125
2021-06-03T17:12:20,21.125
2021-06-03T17:12:38,21.143600000000003
2021-06-03T17:12:56,21.125
2021-06-03T17:13:15,21.156000000000002
2021-06-03T17:13:33,21.162200000000002
2021-06-03T17:13:52,21.156000000000002
2021-06-03T17:14:10,21.180800000000005
2021-06-03T17:14:28,21.1808
2021-06-03T17:14:47,21.187000000000005
2021-06-03T17:15:05,21.180800000000005
2021-06-03T17:15:24,21.187000000000005
2021-06-03T17:15:42,21.187000000000005
2021-06-03T17:16:01,21.187000000000005
2021-06-03T17:16:19,21.187000000000005
2021-06-03T17:16:37,21.187000000000005
2021-06-03T17:16:56,21.187000000000005
2021-06-03T17:17:14,21.187000000000005
2021-06-03T17:17:33,21.187000000000005
2021-06-03T17:17:51,21.187000000000005
2021-06-03T17:18:10,21.187000000000005
2021-06-03T17:18:28,21.187000000000005
2021-06-03T17:18:46,21.187000000000005
2021-06-03T17:19:05,21.187000000000005
2021-06-03T17:19:23,21.187000000000005
2021-06-03T17:19:42,21.187000000000005
2021-06-03T17:20:00,21.187000000000005
2021-06-03T17:20:18,21.187000000000005
2021-06-03T17:20:37,21.187000000000005
2021-06-03T17:20:55,21.187000000000005
2021-06-03T17:21:14,21.187000000000005
2021-06-03T17:21:32,21.187000000000005
2021-06-03T17:21:51,21.187000000000005
2021-06-03T17:22:09,21.187000000000005
2021-06-03T17:22:27,21.187000000000005
2021-06-03T17:22:46,21.187000000000005
2021-06-03T17:23:04,21.187000000000005
2021-06-03T17:23:23,21.187000000000005
2021-06-03T17:23:41,21.187000000000005
2021-06-03T17:23:59,21.187000000000005
2021-06-03T17:24:18,21.187000000000005
2021-06-03T17:24:36,21.187000000000005
2021-06-03T17:24:55,21.187000000000005
2021-06-03T17:25:13,21.187000000000005
2021-06-03T17:25:31,21.187000000000005
2021-06-03T17:25:50,21.187000000000005
2021-06-03T17:26:08,21.187000000000005
2021-06-03T17:26:27,21.187000000000005
2021-06-03T17:26:45,21.187000000000005
2021-06-03T17:27:04,21.187000000000005
2021-06-03T17:27:22,21.187000000000005
2021-06-03T17:27:40,21.187000000000005
2021-06-03T17:27:59,21.187000000000005
2021-06-03T17:28:17,21.187000000000005
2021-06-03T17:28:36,21.187000000000005
2021-06-03T17:28:54,21.187000000000005
2021-06-03T17:29:12,21.187000000000005
2021-06-03T17:29:31,21.187000000000005
2021-06-03T17:29:49,21.187000000000005
2021-06-03T17:30:08,21.193300000000004
2021-06-03T17:30:26,21.187000000000005
2021-06-03T17:30:44,21.187000000000005
2021-06-03T17:31:03,21.187000000000005
2021-06-03T17:31:21,21.187000000000005
2021-06-03T17:31:40,21.193300000000004
2021-06-03T17:31:58,21.187000000000005
2021-06-03T17:32:17,21.1933
2021-06-03T17:32:35,21.187000000000005
2021-06-03T17:32:53,21.199600000000004
2021-06-03T17:33:12,21.199600000000004
2021-06-03T17:33:30,21.193300000000004
2021-06-03T17:33:49,21.1933
2021-06-03T17:34:07,21.1933
2021-06-03T17:34:25,21.187000000000005
2021-06-03T17:34:44,21.187000000000005
2021-06-03T17:35:02,21.187000000000005
2021-06-03T17:35:21,21.187000000000005
2021-06-03T17:35:39,21.187000000000005
2021-06-03T17:35:57,21.187000000000005
2021-06-03T17:36:16,21.193300000000004
2021-06-03T17:36:34,21.212200000000003
2021-06-03T17:36:53,21.199600000000004
2021-06-03T17:37:11,21.218500000000002
2021-06-03T17:37:30,21.231100000000005
2021-06-03T17:37:48,21.2185
2021-06-03T17:38:06,21.25
2021-06-03T17:38:25,21.25
2021-06-03T17:38:43,21.25
2021-06-03T17:39:02,21.2437
2021-06-03T17:39:20,21.25
2021-06-03T17:39:38,21.25
2021-06-03T17:39:57,21.25
2021-06-03T17:40:15,21.25
2021-06-03T17:40:34,21.25
2021-06-03T17:40:52,21.25
2021-06-03T17:41:11,21.25
2021-06-03T17:41:29,21.25
2021-06-03T17:41:47,21.25
2021-06-03T17:42:06,21.25
2021-06-03T17:42:24,21.25
2021-06-03T17:42:43,21.25
2021-06-03T17:43:01,21.25
2021-06-03T17:43:20,21.25
2021-06-03T17:43:38,21.25
2021-06-03T17:43:56,21.25
2021-06-03T17:44:15,21.25
2021-06-03T17:44:33,21.25
2021-06-03T17:44:52,21.25
2021-06-03T17:45:10,21.25
2021-06-03T17:45:28,21.25
2021-06-03T17:45:47,21.25
2021-06-03T17:46:05,21.25
2021-06-03T17:46:24,21.25
2021-06-03T17:46:42,21.25
2021-06-03T17:47:01,21.2562
2021-06-03T17:47:19,21.274800000000003
2021-06-03T17:47:37,21.281000000000002
2021-06-03T17:47:56,21.2996
2021-06-03T17:48:14,21.3058
2021-06-03T17:48:33,21.3058
2021-06-03T17:48:51,21.312000000000005
2021-06-03T17:49:10,21.312000000000005
2021-06-03T17:49:28,21.3058
2021-06-03T17:49:46,21.3058
2021-06-03T17:50:05,21.312000000000005
2021-06-03T17:50:23,21.293400000000002
2021-06-03T17:50:42,21.299600000000005
2021-06-03T17:51:00,21.299600000000005
2021-06-03T17:51:18,21.293400000000002
2021-06-03T17:51:37,21.312000000000005
2021-06-03T17:51:55,21.312000000000005
2021-06-03T17:52:14,21.312000000000005
2021-06-03T17:52:32,21.312000000000005
2021-06-03T17:52:50,21.312000000000005
2021-06-03T17:53:09,21.312000000000005
2021-06-03T17:53:27,21.312000000000005
2021-06-03T17:53:46,21.312000000000005
2021-06-03T17:54:04,21.312000000000005
2021-06-03T17:54:22,21.312000000000005
2021-06-03T17:54:41,21.312000000000005
2021-06-03T17:54:59,21.312000000000005
2021-06-03T17:55:18,21.312000000000005
2021-06-03T17:55:36,21.312000000000005
2021-06-03T17:55:55,21.312000000000005
2021-06-03T17:56:13,21.312000000000005
2021-06-03T17:56:32,21.312000000000005
2021-06-03T17:56:50,21.312000000000005
2021-06-03T17:57:08,21.312000000000005
2021-06-03T17:57:27,21.312000000000005
2021-06-03T17:57:45,21.312000000000005
2021-06-03T17:58:04,21.318300000000004
2021-06-03T17:58:22,21.312000000000005
2021-06-03T17:58:41,21.324600000000004
2021-06-03T17:58:59,21.337200000000003
2021-06-03T17:59:17,21.337200000000003
2021-06-03T17:59:36,21.337200000000003
2021-06-03T17:59:54,21.3435
2021-06-03T18:00:13,21.343500000000002
2021-06-03T18:00:31,21.349800000000002
2021-06-03T18:00:49,21.3561
2021-06-03T18:01:08,21.375
2021-06-03T18:01:26,21.375
2021-06-03T18:01:45,21.375
2021-06-03T18:02:03,21.375
2021-06-03T18:02:22,21.375
2021-06-03T18:02:40,21.3812
2021-06-03T18:02:58,21.3812
2021-06-03T18:03:17,21.375
2021-06-03T18:03:35,21.3812
2021-06-03T18:03:54,21.3812
2021-06-03T18:04:12,21.3812
2021-06-03T18:04:30,21.387400000000003
2021-06-03T18:04:49,21.393600000000003
2021-06-03T18:05:07,21.418400000000002
2021-06-03T18:05:26,21.418400000000002
2021-06-03T18:05:44,21.418400000000002
2021-06-03T18:06:03,21.424600000000005
2021-06-03T18:06:21,21.430800000000005
2021-06-03T18:06:40,21.437000000000005
2021-06-03T18:06:58,21.437000000000005
2021-06-03T18:07:16,21.437000000000005
2021-06-03T18:07:35,21.437000000000005
2021-06-03T18:07:53,21.437000000000005
2021-06-03T18:08:12,21.437000000000005
2021-06-03T18:08:30,21.437000000000005
2021-06-03T18:08:48,21.437000000000005
2021-06-03T18:09:07,21.437000000000005
2021-06-03T18:09:25,21.437000000000005
2021-06-03T18:09:44,21.437000000000005
2021-06-03T18:10:02,21.437000000000005
2021-06-03T18:10:20,21.437000000000005
2021-06-03T18:10:39,21.437000000000005
2021-06-03T18:10:57,21.437000000000005
2021-06-03T18:11:16,21.437000000000005
2021-06-03T18:11:34,21.437000000000005
2021-06-03T18:11:53,21.437000000000005
2021-06-03T18:12:11,21.437000000000005
2021-06-03T18:12:29,21.437000000000005
2021-06-03T18:12:48,21.437000000000005
2021-06-03T18:13:06,21.437000000000005
2021-06-03T18:13:25,21.437000000000005
2021-06-03T18:13:43,21.437000000000005
2021-06-03T18:14:01,21.443300000000004
2021-06-03T18:14:20,21.437000000000005
2021-06-03T18:14:38,21.443300000000004
2021-06-03T18:14:57,21.437000000000005
2021-06-03T18:15:15,21.437000000000005
2021-06-03T18:15:34,21.455900000000003
2021-06-03T18:15:52,21.443300000000004
2021-06-03T18:16:10,21.455900000000007
2021-06-03T18:16:29,21.462200000000003
2021-06-03T18:16:47,21.468500000000002
2021-06-03T18:17:06,21.4685
2021-06-03T18:17:24,21.4937
2021-06-03T18:17:42,21.5
2021-06-03T18:18:01,21.5
2021-06-03T18:18:19,21.5
2021-06-03T18:18:38,21.5
2021-06-03T18:18:56,21.5
2021-06-03T18:19:15,21.5
2021-06-03T18:19:33,21.4874
2021-06-03T18:19:51,21.474800000000002
2021-06-03T18:20:10,21.5
2021-06-03T18:20:28,21.5
2021-06-03T18:20:47,21.5
2021-06-03T18:21:05,21.5
2021-06-03T18:21:24,21.5
2021-06-03T18:21:42,21.5
2021-06-03T18:22:00,21.5
2021-06-03T18:22:19,21.5
2021-06-03T18:22:37,21.5
2021-06-03T18:22:56,21.5
2021-06-03T18:23:14,21.5
2021-06-03T18:23:32,21.5
2021-06-03T18:23:51,21.5
2021-06-03T18:24:09,21.5
2021-06-03T18:24:28,21.5
2021-06-03T18:24:46,21.5
2021-06-03T18:25:04,21.5
2021-06-03T18:25:23,21.5
2021-06-03T18:25:41,21.5
2021-06-03T18:26:00,21.5
2021-06-03T18:26:18,21.5
2021-06-03T18:26:36,21.5
2021-06-03T18:26:55,21.5062
2021-06-03T18:27:13,21.5
2021-06-03T18:27:32,21.537200000000002
2021-06-03T18:27:50,21.543400000000002
2021-06-03T18:28:08,21.555800000000005
2021-06-03T18:28:27,21.562000000000005
2021-06-03T18:28:45,21.562000000000005
2021-06-03T18:29:04,21.562000000000005
2021-06-03T18:29:22,21.562000000000005
2021-06-03T18:29:41,21.562000000000005
2021-06-03T18:29:59,21.562000000000005
2021-06-03T18:30:17,21.562000000000005
2021-06-03T18:30:36,21.562000000000005
2021-06-03T18:30:54,21.568300000000004
2021-06-03T18:31:13,21.562000000000005
2021-06-03T18:31:31,21.593500000000002
2021-06-03T18:31:50,21.606100000000005
2021-06-03T18:32:08,21.6187
2021-06-03T18:32:26,21.625
2021-06-03T18:32:45,21.625
2021-06-03T18:33:03,21.625
2021-06-03T18:33:22,21.625
2021-06-03T18:33:40,21.625
2021-06-03T18:33:58,21.625
2021-06-03T18:34:17,21.625
2021-06-03T18:34:35,21.625
2021-06-03T18:34:54,21.625
2021-06-03T18:35:12,21.625
2021-06-03T18:35:31,21.625
2021-06-03T18:35:49,21.625
2021-06-03T18:36:07,21.625
2021-06-03T18:36:26,21.625
2021-06-03T18:36:44,21.6312
2021-06-03T18:37:03,21.625
2021-06-03T18:37:21,21.625
2021-06-03T18:37:40,21.668400000000002
2021-06-03T18:37:58,21.625
2021-06-03T18:38:16,21.649800000000003
2021-06-03T18:38:35,21.656000000000002
2021-06-03T18:38:53,21.687000000000005
2021-06-03T18:39:12,21.674600000000005
2021-06-03T18:39:30,21.687000000000005
2021-06-03T18:39:48,21.687000000000005
2021-06-03T18:40:07,21.687000000000005
2021-06-03T18:40:25,21.687000000000005
2021-06-03T18:40:44,21.687000000000005
2021-06-03T18:41:02,21.687000000000005
2021-06-03T18:41:21,21.687000000000005
2021-06-03T18:41:39,21.687000000000005
2021-06-03T18:41:58,21.687000000000005
2021-06-03T18:42:16,21.687000000000005
2021-06-03T18:42:34,21.687000000000005
2021-06-03T18:42:53,21.687000000000005
2021-06-03T18:43:11,21.705900000000003
2021-06-03T18:43:30,21.718500000000002
2021-06-03T18:43:48,21.731100000000005
2021-06-03T18:44:07,21.731099999999998
2021-06-03T18:44:25,21.75
2021-06-03T18:44:44,21.75
2021-06-03T18:45:02,21.75
2021-06-03T18:45:20,21.75
2021-06-03T18:45:39,21.75
2021-06-03T18:45:57,21.75
2021-06-03T18:46:16,21.75
2021-06-03T18:46:34,21.75
2021-06-03T18:46:52,21.75
2021-06-03T18:47:11,21.75
2021-06-03T18:47:29,21.75
2021-06-03T18:47:48,21.75
2021-06-03T18:48:06,21.75
2021-06-03T18:48:24,21.75
2021-06-03T18:48:43,21.75
2021-06-03T18:49:01,21.75
2021-06-03T18:49:20,21.75
2021-06-03T18:49:38,21.75
2021-06-03T18:49:57,21.75
2021-06-03T18:50:15,21.75
2021-06-03T18:50:34,21.75
2021-06-03T18:50:52,21.75
2021-06-03T18:51:10,21.75
2021-06-03T18:51:29,21.75
2021-06-03T18:51:47,21.75
2021-06-03T18:52:06,21.75
2021-06-03T18:52:24,21.75
2021-06-03T18:52:42,21.75
2021-06-03T18:53:01,21.75
2021-06-03T18:53:19,21.75
2021-06-03T18:53:38,21.762400000000003
2021-06-03T18:53:56,21.75
2021-06-03T18:54:14,21.774800000000003
2021-06-03T18:54:33,21.7686
2021-06-03T18:54:51,21.781000000000002
2021-06-03T18:55:10,21.781
2021-06-03T18:55:28,21.781000000000002
2021-06-03T18:55:47,21.793400000000002
2021-06-03T18:56:05,21.793400000000005
2021-06-03T18:56:24,21.787200000000002
2021-06-03T18:56:42,21.805800000000005
2021-06-03T18:57:00,21.793400000000005
2021-06-03T18:57:19,21.805800000000005
2021-06-03T18:57:37,21.805800000000005
2021-06-03T18:57:56,21.812000000000005
2021-06-03T18:58:14,21.799600000000005
2021-06-03T18:58:32,21.812000000000005
2021-06-03T18:58:51,21.812000000000005
2021-06-03T18:59:09,21.812000000000005
2021-06-03T18:59:28,21.812000000000005
2021-06-03T18:59:46,21.812000000000005
2021-06-03T19:00:04,21.812000000000005
2021-06-03T19:00:23,21.812000000000005
2021-06-03T19:00:41,21.812000000000005
2021-06-03T19:01:00,21.812000000000005
2021-06-03T19:01:18,21.812000000000005
2021-06-03T19:01:36,21.812000000000005
2021-06-03T19:01:55,21.812000000000005
2021-06-03T19:02:13,21.812000000000005
2021-06-03T19:02:32,21.812000000000005
2021-06-03T19:02:50,21.812000000000005
2021-06-03T19:03:08,21.812000000000005
2021-06-03T19:03:27,21.812000000000005
2021-06-03T19:03:45,21.812000000000005
2021-06-03T19:04:04,21.812000000000005
2021-06-03T19:04:22,21.812000000000005
2021-06-03T19:04:41,21.812000000000005
2021-06-03T19:04:59,21.812000000000005
2021-06-03T19:05:17,21.812000000000005
2021-06-03T19:05:36,21.812000000000005
2021-06-03T19:05:54,21.812000000000005
2021-06-03T19:06:13,21.812000000000005
2021-06-03T19:06:31,21.812000000000005
2021-06-03T19:06:49,21.812000000000005
2021-06-03T19:07:08,21.812000000000005
2021-06-03T19:07:26,21.812000000000005
2021-06-03T19:07:45,21.812000000000005
2021-06-03T19:08:03,21.812000000000005
2021-06-03T19:08:21,21.812000000000005
2021-06-03T19:08:40,21.812000000000005
2021-06-03T19:08:58,21.812000000000005
2021-06-03T19:09:17,21.812000000000005
2021-06-03T19:09:35,21.812000000000005
2021-06-03T19:09:54,21.812000000000005
2021-06-03T19:10:12,21.812000000000005
2021-06-03T19:10:30,21.812000000000005
2021-06-03T19:10:49,21.812000000000005
2021-06-03T19:11:07,21.812000000000005
2021-06-03T19:11:26,21.812000000000005
2021-06-03T19:11:44,21.812000000000005
2021-06-03T19:12:02,21.812000000000005
2021-06-03T19:12:21,21.818300000000004
2021-06-03T19:12:39,21.824600000000004
2021-06-03T19:12:58,21.824600000000004
2021-06-03T19:13:16,21.8498
2021-06-03T19:13:34,21.8561
2021-06-03T19:13:53,21.8687
2021-06-03T19:14:11,21.875
2021-06-03T19:14:30,21.875
2021-06-03T19:14:48,21.875
2021-06-03T19:15:07,21.875
2021-06-03T19:15:25,21.875
2021-06-03T19:15:43,21.875
2021-06-03T19:16:02,21.875
2021-06-03T19:16:20,21.875
2021-06-03T19:16:39,21.875
2021-06-03T19:16:57,21.875
2021-06-03T19:17:15,21.875
2021-06-03T19:17:34,21.843500000000006
2021-06-03T19:17:52,21.837200000000003
2021-06-03T19:18:11,21.830900000000003
2021-06-03T19:18:29,21.837200000000003
2021-06-03T19:18:48,21.8435
2021-06-03T19:19:06,21.8435
2021-06-03T19:19:24,21.8687
2021-06-03T19:19:43,21.8687
2021-06-03T19:20:01,21.8561
2021-06-03T19:20:20,21.843500000000002
2021-06-03T19:20:38,21.8624
2021-06-03T19:20:57,21.849800000000002
2021-06-03T19:21:15,21.8435
2021-06-03T19:21:33,21.824600000000004
2021-06-03T19:21:52,21.812000000000005
2021-06-03T19:22:10,21.812000000000005
2021-06-03T19:22:29,21.812000000000005
2021-06-03T19:22:47,21.812000000000005
2021-06-03T19:23:05,21.812000000000005
2021-06-03T19:23:24,21.812000000000005
2021-06-03T19:23:42,21.812000000000005
2021-06-03T19:24:01,21.812000000000005
2021-06-03T19:24:19,21.812000000000005
2021-06-03T19:24:38,21.812000000000005
2021-06-03T19:24:56,21.812000000000005
2021-06-03T19:25:14,21.812000000000005
2021-06-03T19:25:33,21.812000000000005
2021-06-03T19:25:51,21.812000000000005
2021-06-03T19:26:10,21.805800000000005
2021-06-03T19:26:28,21.812000000000005
2021-06-03T19:26:46,21.812000000000005
2021-06-03T19:27:05,21.805800000000005
2021-06-03T19:27:23,21.799600000000005
2021-06-03T19:27:42,21.812000000000005
2021-06-03T19:28:00,21.812000000000005
2021-06-03T19:28:19,21.805800000000005
2021-06-03T19:28:37,21.812000000000005
2021-06-03T19:28:55,21.812000000000005
2021-06-03T19:29:14,21.812000000000005
2021-06-03T19:29:32,21.812000000000005
2021-06-03T19:29:51,21.812000000000005
2021-06-03T19:30:09,21.812000000000005
2021-06-03T19:30:27,21.812000000000005
2021-06-03T19:30:46,21.812000000000005
2021-06-03T19:31:04,21.812000000000005
2021-06-03T19:31:23,21.812000000000005
2021-06-03T19:31:41,21.812000000000005
2021-06-03T19:32:00,21.812000000000005
2021-06-03T19:32:18,21.812000000000005
2021-06-03T19:32:36,21.812000000000005
2021-06-03T19:32:55,21.812000000000005
2021-06-03T19:33:13,21.812000000000005
2021-06-03T19:33:32,21.812000000000005
2021-06-03T19:33:50,21.812000000000005
2021-06-03T19:34:09,21.812000000000005
2021-06-03T19:34:27,21.812000000000005
2021-06-03T19:34:46,21.812000000000005
2021-06-03T19:35:04,21.812000000000005
2021-06-03T19:35:22,21.812000000000005
2021-06-03T19:35:41,21.812000000000005
2021-06-03T19:35:59,21.812000000000005
2021-06-03T19:36:18,21.812000000000005
2021-06-03T19:36:36,21.812000000000005
2021-06-03T19:36:55,21.812000000000005
2021-06-03T19:37:13,21.812000000000005
2021-06-03T19:37:31,21.812000000000005
2021-06-03T19:37:50,21.812000000000005
2021-06-03T19:38:08,21.812000000000005
2021-06-03T19:38:27,21.812000000000005
2021-06-03T19:38:45,21.812000000000005
2021-06-03T19:39:04,21.812000000000005
2021-06-03T19:39:22,21.812000000000005
2021-06-03T19:39:40,21.812000000000005
2021-06-03T19:39:59,21.812000000000005
2021-06-03T19:40:17,21.812000000000005
2021-06-03T19:40:36,21.812000000000005
2021-06-03T19:40:54,21.812000000000005
2021-06-03T19:41:13,21.812000000000005
2021-06-03T19:41:31,21.812000000000005
2021-06-03T19:41:49,21.812000000000005
2021-06-03T19:42:08,21.812000000000005
2021-06-03T19:42:26,21.812000000000005
2021-06-03T19:42:45,21.812000000000005
2021-06-03T19:43:03,21.812000000000005
2021-06-03T19:43:21,21.812000000000005
2021-06-03T19:43:40,21.812000000000005
2021-06-03T19:43:58,21.812000000000005
2021-06-03T19:44:17,21.812000000000005
2021-06-03T19:44:35,21.812000000000005
2021-06-03T19:44:54,21.818300000000004
2021-06-03T19:45:12,21.812000000000005
2021-06-03T19:45:31,21.812000000000005
2021-06-03T19:45:49,21.812000000000005
2021-06-03T19:46:07,21.812000000000005
2021-06-03T19:46:26,21.818300000000004
2021-06-03T19:46:44,21.812000000000005
2021-06-03T19:47:03,21.812000000000005
2021-06-03T19:47:21,21.812000000000005
2021-06-03T19:47:40,21.812000000000005
2021-06-03T19:47:58,21.824600000000004
2021-06-03T19:48:16,21.818300000000004
2021-06-03T19:48:35,21.812000000000005
2021-06-03T19:48:53,21.812000000000005
2021-06-03T19:49:12,21.812000000000005
2021-06-03T19:49:30,21.812000000000005
2021-06-03T19:49:49,21.812000000000005
2021-06-03T19:50:07,21.812000000000005
2021-06-03T19:50:26,21.812000000000005
2021-06-03T19:50:44,21.812000000000005
2021-06-03T19:51:02,21.812000000000005
2021-06-03T19:51:21,21.812000000000005
2021-06-03T19:51:39,21.812000000000005
2021-06-03T19:51:58,21.812000000000005
2021-06-03T19:52:16,21.812000000000005
2021-06-03T19:52:35,21.812000000000005
2021-06-03T19:52:53,21.812000000000005
2021-06-03T19:53:11,21.812000000000005
2021-06-03T19:53:30,21.812000000000005
2021-06-03T19:53:48,21.812000000000005
2021-06-03T19:54:07,21.812000000000005
2021-06-03T19:54:25,21.812000000000005
2021-06-03T19:54:43,21.812000000000005
2021-06-03T19:55:02,21.812000000000005
2021-06-03T19:55:20,21.812000000000005
2021-06-03T19:55:39,21.812000000000005
2021-06-03T19:55:57,21.812000000000005
2021-06-03T19:56:15,21.812000000000005
2021-06-03T19:56:34,21.812000000000005
2021-06-03T19:56:52,21.812000000000005
2021-06-03T19:57:11,21.812000000000005
2021-06-03T19:57:29,21.812000000000005
2021-06-03T19:57:47,21.793400000000002
2021-06-03T19:58:06,21.787200000000002
2021-06-03T19:58:24,21.7686
2021-06-03T19:58:43,21.75
2021-06-03T19:59:01,21.762400000000003
2021-06-03T19:59:20,21.7562
2021-06-03T19:59:38,21.7562
2021-06-03T19:59:56,21.7562
2021-06-03T20:00:15,21.75
2021-06-03T20:00:33,21.75
2021-06-03T20:00:52,21.75
2021-06-03T20:01:10,21.75
2021-06-03T20:01:28,21.75
2021-06-03T20:01:47,21.75
2021-06-03T20:02:05,21.75
2021-06-03T20:02:24,21.75
2021-06-03T20:02:42,21.75
2021-06-03T20:03:00,21.75
2021-06-03T20:03:19,21.75
2021-06-03T20:03:37,21.75
2021-06-03T20:03:56,21.75
2021-06-03T20:04:14,21.75
2021-06-03T20:04:32,21.75
2021-06-03T20:04:51,21.75
2021-06-03T20:05:09,21.75
2021-06-03T20:05:28,21.75
2021-06-03T20:05:46,21.75
2021-06-03T20:06:05,21.75
2021-06-03T20:06:23,21.75
2021-06-03T20:06:41,21.75
2021-06-03T20:07:00,21.75
2021-06-03T20:07:18,21.75
2021-06-03T20:07:37,21.75
2021-06-03T20:07:55,21.75
2021-06-03T20:08:13,21.75
2021-06-03T20:08:32,21.712200000000003
2021-06-03T20:08:50,21.75
2021-06-03T20:09:09,21.75
2021-06-03T20:09:27,21.75
2021-06-03T20:09:45,21.75
2021-06-03T20:10:04,21.7437
2021-06-03T20:10:22,21.7374
2021-06-03T20:10:41,21.75
2021-06-03T20:10:59,21.75
2021-06-03T20:11:17,21.75
2021-06-03T20:11:36,21.75
2021-06-03T20:11:54,21.75
2021-06-03T20:12:13,21.75
2021-06-03T20:12:31,21.75
2021-06-03T20:12:50,21.75
2021-06-03T20:13:08,21.75
2021-06-03T20:13:26,21.762400000000003
2021-06-03T20:13:45,21.787200000000006
2021-06-03T20:14:03,21.812000000000005
2021-06-03T20:14:22,21.805800000000005
2021-06-03T20:14:40,21.805800000000005
2021-06-03T20:14:58,21.793400000000002
2021-06-03T20:15:17,21.812000000000005
2021-06-03T20:15:35,21.812000000000005
2021-06-03T20:15:54,21.812000000000005
2021-06-03T20:16:12,21.812000000000005
2021-06-03T20:16:31,21.812000000000005
2021-06-03T20:16:49,21.805800000000005
2021-06-03T20:17:07,21.799600000000005
2021-06-03T20:17:26,21.799600000000005
2021-06-03T20:17:44,21.7624
2021-06-03T20:18:03,21.75
2021-06-03T20:18:21,21.75
2021-06-03T20:18:39,21.75
2021-06-03T20:18:58,21.75
2021-06-03T20:19:16,21.7562
2021-06-03T20:19:35,21.75
2021-06-03T20:19:53,21.75
2021-06-03T20:20:11,21.75
2021-06-03T20:20:30,21.75
2021-06-03T20:20:48,21.75
2021-06-03T20:21:07,21.7686
2021-06-03T20:21:25,21.75
2021-06-03T20:21:44,21.762400000000003
2021-06-03T20:22:02,21.75
2021-06-03T20:22:20,21.75
2021-06-03T20:22:39,21.75
2021-06-03T20:22:57,21.75
2021-06-03T20:23:16,21.75
2021-06-03T20:23:34,21.75
2021-06-03T20:23:53,21.75
2021-06-03T20:24:11,21.7562
2021-06-03T20:24:29,21.75
2021-06-03T20:24:48,21.75
2021-06-03T20:25:06,21.75
2021-06-03T20:25:25,21.75
2021-06-03T20:25:43,21.75
2021-06-03T20:26:01,21.75
2021-06-03T20:26:20,21.75
2021-06-03T20:26:38,21.75
2021-06-03T20:26:57,21.75
2021-06-03T20:27:15,21.75
2021-06-03T20:27:34,21.75
2021-06-03T20:27:52,21.75
2021-06-03T20:28:10,21.75
2021-06-03T20:28:29,21.75
2021-06-03T20:28:47,21.75
2021-06-03T20:29:06,21.7437
2021-06-03T20:29:24,21.7437
2021-06-03T20:29:42,21.75
2021-06-03T20:30:01,21.7311
2021-06-03T20:30:19,21.7437
2021-06-03T20:30:38,21.7374
2021-06-03T20:30:56,21.75
2021-06-03T20:31:15,21.75
2021-06-03T20:31:33,21.75
2021-06-03T20:31:51,21.75
2021-06-03T20:32:10,21.75
2021-06-03T20:32:28,21.75
2021-06-03T20:32:47,21.75
2021-06-03T20:33:05,21.75
2021-06-03T20:33:24,21.75
2021-06-03T20:33:42,21.75
2021-06-03T20:34:00,21.75
2021-06-03T20:34:19,21.75
2021-06-03T20:34:37,21.75
2021-06-03T20:34:56,21.75
2021-06-03T20:35:14,21.75
2021-06-03T20:35:33,21.75
2021-06-03T20:35:51,21.75
2021-06-03T20:36:09,21.75
2021-06-03T20:36:28,21.75
2021-06-03T20:36:46,21.75
2021-06-03T20:37:05,21.75
2021-06-03T20:37:23,21.75
2021-06-03T20:37:41,21.75
2021-06-03T20:38:00,21.75
2021-06-03T20:38:18,21.75
2021-06-03T20:38:37,21.75
2021-06-03T20:38:55,21.75
2021-06-03T20:39:14,21.75
2021-06-03T20:39:32,21.75
2021-06-03T20:39:50,21.75
2021-06-03T20:40:09,21.75
2021-06-03T20:40:27,21.75
2021-06-03T20:40:46,21.75
2021-06-03T20:41:04,21.7437
2021-06-03T20:41:23,21.699600000000004
2021-06-03T20:41:41,21.687000000000005
2021-06-03T20:41:59,21.687000000000005
2021-06-03T20:42:18,21.687000000000005
2021-06-03T20:42:36,21.687000000000005
2021-06-03T20:42:55,21.687000000000005
2021-06-03T20:43:13,21.687000000000005
2021-06-03T20:43:32,21.687000000000005
2021-06-03T20:43:50,21.687000000000005
2021-06-03T20:44:08,21.687000000000005
2021-06-03T20:44:27,21.687000000000005
2021-06-03T20:44:45,21.687000000000005
2021-06-03T20:45:04,21.687000000000005
2021-06-03T20:45:22,21.687000000000005
2021-06-03T20:45:40,21.687000000000005
2021-06-03T20:45:59,21.693300000000004
2021-06-03T20:46:17,21.693300000000004
2021-06-03T20:46:36,21.699600000000004
2021-06-03T20:46:54,21.693300000000004
2021-06-03T20:47:13,21.687000000000005
2021-06-03T20:47:31,21.687000000000005
2021-06-03T20:47:49,21.687000000000005
2021-06-03T20:48:08,21.687000000000005
2021-06-03T20:48:26,21.687000000000005
2021-06-03T20:48:45,21.687000000000005
2021-06-03T20:49:03,21.687000000000005
2021-06-03T20:49:22,21.687000000000005
2021-06-03T20:49:40,21.687000000000005
2021-06-03T20:49:58,21.687000000000005
2021-06-03T20:50:17,21.687000000000005
2021-06-03T20:50:35,21.687000000000005
2021-06-03T20:50:54,21.687000000000005
2021-06-03T20:51:12,21.687000000000005
2021-06-03T20:51:30,21.687000000000005
2021-06-03T20:51:49,21.687000000000005
2021-06-03T20:52:07,21.687000000000005
2021-06-03T20:52:26,21.687000000000005
2021-06-03T20:52:44,21.687000000000005
2021-06-03T20:53:02,21.687000000000005
2021-06-03T20:53:21,21.687000000000005
2021-06-03T20:53:39,21.687000000000005
2021-06-03T20:53:58,21.687000000000005
2021-06-03T20:54:16,21.687000000000005
2021-06-03T20:54:35,21.687000000000005
2021-06-03T20:54:53,21.687000000000005
2021-06-03T20:55:11,21.687000000000005
2021-06-03T20:55:30,21.687000000000005
2021-06-03T20:55:48,21.687000000000005
2021-06-03T20:56:07,21.687000000000005
2021-06-03T20:56:25,21.687000000000005
2021-06-03T20:56:43,21.687000000000005
2021-06-03T20:57:02,21.687000000000005
2021-06-03T20:57:20,21.687000000000005
2021-06-03T20:57:39,21.687000000000005
2021-06-03T20:57:57,21.687000000000005
2021-06-03T20:58:15,21.687000000000005
2021-06-03T20:58:34,21.687000000000005
2021-06-03T20:58:52,21.687000000000005
2021-06-03T20:59:11,21.687000000000005
2021-06-03T20:59:29,21.687000000000005
2021-06-03T20:59:47,21.687000000000005
2021-06-03T21:00:06,21.687000000000005
2021-06-03T21:00:24,21.687000000000005
2021-06-03T21:00:43,21.687000000000005
2021-06-03T21:01:01,21.687000000000005
2021-06-03T21:01:20,21.687000000000005
2021-06-03T21:01:38,21.687000000000005
2021-06-03T21:01:56,21.687000000000005
2021-06-03T21:02:15,21.687000000000005
2021-06-03T21:02:33,21.687000000000005
2021-06-03T21:02:52,21.687000000000005
2021-06-03T21:03:10,21.687000000000005
2021-06-03T21:03:28,21.687000000000005
2021-06-03T21:03:47,21.687000000000005
2021-06-03T21:04:05,21.687000000000005
2021-06-03T21:04:24,21.687000000000005
2021-06-03T21:04:42,21.668400000000002
2021-06-03T21:05:01,21.625
2021-06-03T21:05:19,21.625
2021-06-03T21:05:37,21.625
2021-06-03T21:05:56,21.625
2021-06-03T21:06:14,21.568300000000004
2021-06-03T21:06:33,21.562000000000005
2021-06-03T21:06:51,21.568300000000004
2021-06-03T21:07:09,21.5998
2021-06-03T21:07:28,21.5935
2021-06-03T21:07:46,21.593500000000002
2021-06-03T21:08:05,21.568300000000004
2021-06-03T21:08:23,21.562000000000005
2021-06-03T21:08:41,21.562000000000005
2021-06-03T21:09:00,21.562000000000005
2021-06-03T21:09:18,21.562000000000005
2021-06-03T21:09:37,21.562000000000005
2021-06-03T21:09:55,21.562000000000005
2021-06-03T21:10:14,21.568300000000004
2021-06-03T21:10:32,21.562000000000005
2021-06-03T21:10:50,21.568300000000004
2021-06-03T21:11:09,21.562000000000005
2021-06-03T21:11:27,21.580900000000003
2021-06-03T21:11:46,21.562000000000005
2021-06-03T21:12:04,21.562000000000005
2021-06-03T21:12:22,21.562000000000005
2021-06-03T21:12:41,21.562000000000005
2021-06-03T21:12:59,21.562000000000005
2021-06-03T21:13:18,21.562000000000005
2021-06-03T21:13:36,21.562000000000005
2021-06-03T21:13:54,21.562000000000005
2021-06-03T21:14:13,21.562000000000005
2021-06-03T21:14:31,21.562000000000005
2021-06-03T21:14:50,21.562000000000005
2021-06-03T21:15:08,21.562000000000005
2021-06-03T21:15:26,21.562000000000005
2021-06-03T21:15:45,21.549600000000005
2021-06-03T21:16:03,21.5248
2021-06-03T21:16:22,21.512400000000003
2021-06-03T21:16:40,21.5
2021-06-03T21:16:58,21.5
2021-06-03T21:17:17,21.5
2021-06-03T21:17:35,21.5
2021-06-03T21:17:54,21.5
2021-06-03T21:18:12,21.5
2021-06-03T21:18:31,21.5
2021-06-03T21:18:49,21.5
2021-06-03T21:19:07,21.5
2021-06-03T21:19:26,21.4937
2021-06-03T21:19:44,21.4874
2021-06-03T21:20:03,21.4937
2021-06-03T21:20:21,21.4874
2021-06-03T21:20:40,21.5
2021-06-03T21:20:58,21.5
2021-06-03T21:21:16,21.5
2021-06-03T21:21:35,21.5
2021-06-03T21:21:53,21.5
2021-06-03T21:22:12,21.5
2021-06-03T21:22:30,21.5
2021-06-03T21:22:49,21.5
2021-06-03T21:23:07,21.5
2021-06-03T21:23:26,21.5
2021-06-03T21:23:44,21.5
2021-06-03T21:24:02,21.5
2021-06-03T21:24:21,21.5
2021-06-03T21:24:39,21.5
2021-06-03T21:24:58,21.5
2021-06-03T21:25:16,21.5
2021-06-03T21:25:35,21.5
2021-06-03T21:25:53,21.5
2021-06-03T21:26:11,21.5
2021-06-03T21:26:30,21.5
2021-06-03T21:26:48,21.5
2021-06-03T21:27:07,21.5
2021-06-03T21:27:25,21.5
2021-06-03T21:27:43,21.5
2021-06-03T21:28:02,21.5
2021-06-03T21:28:20,21.5
2021-06-03T21:28:39,21.5
2021-06-03T21:28:57,21.5
2021-06-03T21:29:15,21.5
2021-06-03T21:29:34,21.5
2021-06-03T21:29:52,21.5
2021-06-03T21:30:11,21.5
2021-06-03T21:30:29,21.5
2021-06-03T21:30:47,21.5
2021-06-03T21:31:06,21.5
2021-06-03T21:31:24,21.5
2021-06-03T21:31:43,21.5062
2021-06-03T21:32:01,21.5
2021-06-03T21:32:20,21.5
2021-06-03T21:32:38,21.5
2021-06-03T21:32:56,21.512400000000003
2021-06-03T21:33:15,21.512400000000003
2021-06-03T21:33:33,21.5124
2021-06-03T21:33:52,21.5062
2021-06-03T21:34:10,21.512400000000003
2021-06-03T21:34:28,21.5062
2021-06-03T21:34:47,21.5062
2021-06-03T21:35:05,21.5062
2021-06-03T21:35:24,21.512400000000003
2021-06-03T21:35:42,21.531
2021-06-03T21:36:00,21.555800000000005
2021-06-03T21:36:19,21.537200000000002
2021-06-03T21:36:37,21.531000000000002
2021-06-03T21:36:56,21.537200000000002
2021-06-03T21:37:14,21.537200000000006
2021-06-03T21:37:32,21.555800000000005
2021-06-03T21:37:51,21.549600000000005
2021-06-03T21:38:09,21.555800000000005
2021-06-03T21:38:28,21.549600000000005
2021-06-03T21:38:46,21.531
2021-06-03T21:39:05,21.562000000000005
2021-06-03T21:39:23,21.549600000000005
2021-06-03T21:39:42,21.549600000000005
2021-06-03T21:40:00,21.555800000000005
2021-06-03T21:40:18,21.549600000000005
2021-06-03T21:40:37,21.537200000000006
2021-06-03T21:40:55,21.562000000000005
2021-06-03T21:41:14,21.562000000000005
2021-06-03T21:41:32,21.555800000000005
2021-06-03T21:41:51,21.555800000000005
2021-06-03T21:42:09,21.562000000000005
2021-06-03T21:42:27,21.555800000000005
2021-06-03T21:42:46,21.555800000000005
2021-06-03T21:43:04,21.537200000000002
2021-06-03T21:43:23,21.555800000000005
2021-06-03T21:43:41,21.562000000000005
2021-06-03T21:43:59,21.555800000000005
2021-06-03T21:44:18,21.562000000000005
2021-06-03T21:44:36,21.562000000000005
2021-06-03T21:44:55,21.555800000000005
2021-06-03T21:45:13,21.555800000000005
2021-06-03T21:45:32,21.562000000000005
2021-06-03T21:45:50,21.562000000000005
2021-06-03T21:46:09,21.543400000000002
2021-06-03T21:46:27,21.555800000000005
2021-06-03T21:46:45,21.543400000000005
2021-06-03T21:47:04,21.549600000000005
2021-06-03T21:47:22,21.531000000000002
2021-06-03T21:47:41,21.518600000000003
2021-06-03T21:47:59,21.5124
2021-06-03T21:48:18,21.512400000000003
2021-06-03T21:48:36,21.5062
2021-06-03T21:48:54,21.512400000000003
2021-06-03T21:49:13,21.5062
2021-06-03T21:49:31,21.5
2021-06-03T21:49:50,21.5124
2021-06-03T21:50:08,21.5062
2021-06-03T21:50:26,21.5062
2021-06-03T21:50:45,21.5
2021-06-03T21:51:03,21.5062
2021-06-03T21:51:22,21.512400000000003
2021-06-03T21:51:40,21.5
2021-06-03T21:51:59,21.512400000000003
2021-06-03T21:52:17,21.5
2021-06-03T21:52:35,21.5
2021-06-03T21:52:54,21.5
2021-06-03T21:53:12,21.5
2021-06-03T21:53:31,21.5
2021-06-03T21:53:49,21.5
2021-06-03T21:54:07,21.5
2021-06-03T21:54:26,21.5
2021-06-03T21:54:44,21.5
2021-06-03T21:55:03,21.5
2021-06-03T21:55:21,21.5
2021-06-03T21:55:40,21.5
2021-06-03T21:55:58,21.5
2021-06-03T21:56:16,21.5
2021-06-03T21:56:35,21.5
2021-06-03T21:56:53,21.5
2021-06-03T21:57:12,21.5
2021-06-03T21:57:30,21.5
2021-06-03T21:57:48,21.5
2021-06-03T21:58:07,21.5
2021-06-03T21:58:25,21.5
2021-06-03T21:58:44,21.5
2021-06-03T21:59:02,21.5
2021-06-03T21:59:21,21.5
2021-06-03T21:59:39,21.5
2021-06-03T21:59:57,21.5
2021-06-03T22:00:16,21.5
2021-06-03T22:00:34,21.5
2021-06-03T22:00:53,21.5
2021-06-03T22:01:11,21.5
2021-06-03T22:01:30,21.5
2021-06-03T22:01:48,21.5
2021-06-03T22:02:06,21.5
2021-06-03T22:02:25,21.5
2021-06-03T22:02:43,21.5
2021-06-03T22:03:02,21.5
2021-06-03T22:03:20,21.5
2021-06-03T22:03:39,21.5
2021-06-03T22:03:57,21.5
2021-06-03T22:04:16,21.5
2021-06-03T22:04:34,21.5
2021-06-03T22:04:52,21.5
2021-06-03T22:05:11,21.5
2021-06-03T22:05:29,21.5
2021-06-03T22:05:48,21.5
2021-06-03T22:06:06,21.5
2021-06-03T22:06:25,21.5
2021-06-03T22:06:43,21.5
2021-06-03T22:07:01,21.5
2021-06-03T22:07:20,21.5
2021-06-03T22:07:38,21.5
2021-06-03T22:07:57,21.5
2021-06-03T22:08:15,21.5
2021-06-03T22:08:33,21.5
2021-06-03T22:08:52,21.5
2021-06-03T22:09:10,21.5
2021-06-03T22:09:29,21.5
2021-06-03T22:09:47,21.5
2021-06-03T22:10:06,21.5
2021-06-03T22:10:24,21.5
2021-06-03T22:10:42,21.5
2021-06-03T22:11:01,21.5
2021-06-03T22:11:19,21.5
2021-06-03T22:11:38,21.5
2021-06-03T22:11:56,21.5
2021-06-03T22:12:15,21.5
2021-06-03T22:12:33,21.5
2021-06-03T22:12:51,21.5
2021-06-03T22:13:10,21.5
2021-06-03T22:13:28,21.5
2021-06-03T22:13:47,21.5
2021-06-03T22:14:05,21.5
2021-06-03T22:14:24,21.5
2021-06-03T22:14:42,21.5
2021-06-03T22:15:00,21.5
2021-06-03T22:15:19,21.5
2021-06-03T22:15:37,21.5
2021-06-03T22:15:56,21.5
2021-06-03T22:16:14,21.5
2021-06-03T22:16:33,21.5
2021-06-03T22:16:51,21.5
2021-06-03T22:17:09,21.5
2021-06-03T22:17:28,21.5
2021-06-03T22:17:46,21.5
2021-06-03T22:18:05,21.5
2021-06-03T22:18:23,21.5
2021-06-03T22:18:42,21.5
2021-06-03T22:19:00,21.5
2021-06-03T22:19:18,21.5
2021-06-03T22:19:37,21.5
2021-06-03T22:19:55,21.5
2021-06-03T22:20:14,21.5
2021-06-03T22:20:32,21.5
2021-06-03T22:20:51,21.5
2021-06-03T22:21:09,21.5
2021-06-03T22:21:27,21.5
2021-06-03T22:21:46,21.5
2021-06-03T22:22:04,21.5
2021-06-03T22:22:23,21.5
2021-06-03T22:22:41,21.5
2021-06-03T22:22:59,21.5
2021-06-03T22:23:18,21.5
2021-06-03T22:23:36,21.5
2021-06-03T22:23:55,21.5
2021-06-03T22:24:13,21.5
2021-06-03T22:24:32,21.5
2021-06-03T22:24:50,21.5
2021-06-03T22:25:08,21.5
2021-06-03T22:25:27,21.5
2021-06-03T22:25:45,21.5
2021-06-03T22:26:04,21.5
2021-06-03T22:26:22,21.5
2021-06-03T22:26:41,21.5
2021-06-03T22:26:59,21.5
2021-06-03T22:27:17,21.5
2021-06-03T22:27:36,21.5
2021-06-03T22:27:54,21.5
2021-06-03T22:28:13,21.5
2021-06-03T22:28:31,21.5
2021-06-03T22:28:49,21.5
2021-06-03T22:29:08,21.5
2021-06-03T22:29:26,21.5
2021-06-03T22:29:45,21.5
2021-06-03T22:30:03,21.4937
2021-06-03T22:30:22,21.5
2021-06-03T22:30:40,21.5
2021-06-03T22:30:58,21.4874
2021-06-03T22:31:17,21.468500000000002
2021-06-03T22:31:35,21.4811
2021-06-03T22:31:54,21.474800000000002
2021-06-03T22:32:12,21.474800000000002
2021-06-03T22:32:31,21.4937
2021-06-03T22:32:49,21.455900000000007
2021-06-03T22:33:08,21.468500000000002
2021-06-03T22:33:26,21.462200000000003
2021-06-03T22:33:44,21.4811
2021-06-03T22:34:03,21.455900000000007
2021-06-03T22:34:21,21.462200000000003
2021-06-03T22:34:40,21.437000000000005
2021-06-03T22:34:58,21.443300000000004
2021-06-03T22:35:16,21.437000000000005
2021-06-03T22:35:35,21.443300000000004
2021-06-03T22:35:53,21.437000000000005
2021-06-03T22:36:12,21.437000000000005
2021-06-03T22:36:30,21.437000000000005
2021-06-03T22:36:48,21.437000000000005
2021-06-03T22:37:07,21.437000000000005
2021-06-03T22:37:25,21.437000000000005
2021-06-03T22:37:44,21.437000000000005
2021-06-03T22:38:02,21.437000000000005
2021-06-03T22:38:20,21.437000000000005
2021-06-03T22:38:39,21.437000000000005
2021-06-03T22:38:57,21.437000000000005
2021-06-03T22:39:16,21.437000000000005
2021-06-03T22:39:34,21.437000000000005
2021-06-03T22:39:53,21.437000000000005
2021-06-03T22:40:11,21.437000000000005
2021-06-03T22:40:29,21.437000000000005
2021-06-03T22:40:48,21.443300000000004
2021-06-03T22:41:06,21.437000000000005
2021-06-03T22:41:25,21.437000000000005
2021-06-03T22:41:43,21.443300000000004
2021-06-03T22:42:02,21.455900000000003
2021-06-03T22:42:20,21.468500000000006
2021-06-03T22:42:39,21.4685
2021-06-03T22:42:57,21.474800000000002
2021-06-03T22:43:16,21.462200000000003
2021-06-03T22:43:34,21.4874
2021-06-03T22:43:52,21.5
2021-06-03T22:44:11,21.4937
2021-06-03T22:44:29,21.5
2021-06-03T22:44:48,21.5
2021-06-03T22:45:06,21.5
2021-06-03T22:45:24,21.5
2021-06-03T22:45:43,21.5
2021-06-03T22:46:01,21.5
2021-06-03T22:46:20,21.5
2021-06-03T22:46:38,21.5
2021-06-03T22:46:57,21.5
2021-06-03T22:47:15,21.5
2021-06-03T22:47:34,21.5
2021-06-03T22:47:52,21.5
2021-06-03T22:48:10,21.5
2021-06-03T22:48:29,21.5
2021-06-03T22:48:47,21.5
2021-06-03T22:49:06,21.5
2021-06-03T22:49:24,21.5
2021-06-03T22:49:42,21.5
2021-06-03T22:50:01,21.5
2021-06-03T22:50:19,21.5
2021-06-03T22:50:38,21.5
2021-06-03T22:50:56,21.5
2021-06-03T22:51:15,21.5
2021-06-03T22:51:33,21.5
2021-06-03T22:51:52,21.5
2021-06-03T22:52:10,21.5
2021-06-03T22:52:28,21.5
2021-06-03T22:52:47,21.5
2021-06-03T22:53:05,21.5
2021-06-03T22:53:24,21.5
2021-06-03T22:53:42,21.5
2021-06-03T22:54:00,21.5
2021-06-03T22:54:19,21.5
2021-06-03T22:54:37,21.5
2021-06-03T22:54:56,21.5
2021-06-03T22:55:14,21.5
2021-06-03T22:55:32,21.5
2021-06-03T22:55:51,21.5
2021-06-03T22:56:09,21.518600000000003
2021-06-03T22:56:28,21.5
2021-06-03T22:56:46,21.5
2021-06-03T22:57:05,21.5
2021-06-03T22:57:23,21.5
2021-06-03T22:57:42,21.5062
2021-06-03T22:58:00,21.512400000000003
2021-06-03T22:58:18,21.512400000000003
2021-06-03T22:58:37,21.5062
2021-06-03T22:58:55,21.5062
2021-06-03T22:59:14,21.5124
2021-06-03T22:59:32,21.5186
2021-06-03T22:59:50,21.5062
2021-06-03T23:00:09,21.5
2021-06-03T23:00:27,21.5062
2021-06-03T23:00:46,21.5186
2021-06-03T23:01:04,21.537200000000002
2021-06-03T23:01:23,21.537200000000006
2021-06-03T23:01:41,21.5186
2021-06-03T23:02:00,21.5062
2021-06-03T23:02:18,21.512400000000003
2021-06-03T23:02:37,21.543400000000002
2021-06-03T23:02:55,21.512400000000003
2021-06-03T23:03:14,21.531
2021-06-03T23:03:32,21.524800000000006
2021-06-03T23:03:50,21.562000000000005
2021-06-03T23:04:09,21.555800000000005
2021-06-03T23:04:27,21.562000000000005
2021-06-03T23:04:46,21.555800000000005
2021-06-03T23:05:04,21.543400000000002
2021-06-03T23:05:22,21.562000000000005
2021-06-03T23:05:41,21.555800000000005
2021-06-03T23:05:59,21.562000000000005
2021-06-03T23:06:18,21.555800000000005
2021-06-03T23:06:36,21.562000000000005
2021-06-03T23:06:55,21.555800000000005
2021-06-03T23:07:13,21.549600000000005
2021-06-03T23:07:32,21.555800000000005
2021-06-03T23:07:50,21.555800000000005
2021-06-03T23:08:08,21.549600000000005
2021-06-03T23:08:27,21.562000000000005
2021-06-03T23:08:45,21.555800000000005
2021-06-03T23:09:04,21.555800000000005
2021-06-03T23:09:22,21.562000000000005
2021-06-03T23:09:41,21.562000000000005
2021-06-03T23:09:59,21.562000000000005
2021-06-03T23:10:18,21.562000000000005
2021-06-03T23:10:36,21.562000000000005
2021-06-03T23:10:54,21.562000000000005
2021-06-03T23:11:13,21.555800000000005
2021-06-03T23:11:31,21.562000000000005
2021-06-03T23:11:50,21.562000000000005
2021-06-03T23:12:08,21.562000000000005
2021-06-03T23:12:26,21.562000000000005
2021-06-03T23:12:45,21.562000000000005
2021-06-03T23:13:03,21.562000000000005
2021-06-03T23:13:22,21.562000000000005
2021-06-03T23:13:40,21.562000000000005
2021-06-03T23:13:59,21.562000000000005
2021-06-03T23:14:17,21.562000000000005
2021-06-03T23:14:35,21.562000000000005
2021-06-03T23:14:54,21.562000000000005
2021-06-03T23:15:12,21.562000000000005
2021-06-03T23:15:31,21.562000000000005
2021-06-03T23:15:49,21.562000000000005
2021-06-03T23:16:08,21.562000000000005
2021-06-03T23:16:26,21.562000000000005
2021-06-03T23:16:44,21.562000000000005
2021-06-03T23:17:03,21.562000000000005
2021-06-03T23:17:21,21.562000000000005
2021-06-03T23:17:40,21.562000000000005
2021-06-03T23:17:58,21.562000000000005
2021-06-03T23:18:16,21.562000000000005
2021-06-03T23:18:35,21.562000000000005
2021-06-03T23:18:53,21.562000000000005
2021-06-03T23:19:12,21.562000000000005
2021-06-03T23:19:30,21.562000000000005
2021-06-03T23:19:48,21.562000000000005
2021-06-03T23:20:07,21.562000000000005
2021-06-03T23:20:25,21.562000000000005
2021-06-03T23:20:44,21.562000000000005
2021-06-03T23:21:02,21.562000000000005
2021-06-03T23:21:21,21.562000000000005
2021-06-03T23:21:39,21.562000000000005
2021-06-03T23:21:57,21.562000000000005
2021-06-03T23:22:16,21.562000000000005
2021-06-03T23:22:34,21.562000000000005
2021-06-03T23:22:53,21.562000000000005
2021-06-03T23:23:11,21.562000000000005
2021-06-03T23:23:30,21.562000000000005
2021-06-03T23:23:48,21.562000000000005
2021-06-03T23:24:06,21.562000000000005
2021-06-03T23:24:25,21.562000000000005
2021-06-03T23:24:43,21.562000000000005
2021-06-03T23:25:02,21.562000000000005
2021-06-03T23:25:20,21.562000000000005
2021-06-03T23:25:38,21.562000000000005
2021-06-03T23:25:57,21.562000000000005
2021-06-03T23:26:15,21.562000000000005
2021-06-03T23:26:34,21.562000000000005
2021-06-03T23:26:52,21.562000000000005
2021-06-03T23:27:10,21.562000000000005
2021-06-03T23:27:29,21.562000000000005
2021-06-03T23:27:47,21.580900000000007
2021-06-03T23:28:06,21.6061
2021-06-03T23:28:24,21.6061
2021-06-03T23:28:43,21.6061
2021-06-03T23:29:01,21.6187
2021-06-03T23:29:19,21.625
2021-06-03T23:29:38,21.6187
2021-06-03T23:29:56,21.625
2021-06-03T23:30:15,21.625
2021-06-03T23:30:33,21.625
2021-06-03T23:30:51,21.625
2021-06-03T23:31:10,21.625
2021-06-03T23:31:28,21.625
2021-06-03T23:31:47,21.625
2021-06-03T23:32:05,21.625
2021-06-03T23:32:23,21.625
2021-06-03T23:32:42,21.625
2021-06-03T23:33:00,21.625
2021-06-03T23:33:19,21.6312
2021-06-03T23:33:37,21.625
2021-06-03T23:33:55,21.625
2021-06-03T23:34:14,21.625
2021-06-03T23:34:32,21.625
2021-06-03T23:34:51,21.625
2021-06-03T23:35:09,21.625
2021-06-03T23:35:28,21.625
2021-06-03T23:35:46,21.625
2021-06-03T23:36:04,21.625
2021-06-03T23:36:23,21.625
2021-06-03T23:36:41,21.625
2021-06-03T23:37:00,21.625
2021-06-03T23:37:18,21.6187
2021-06-03T23:37:36,21.625
2021-06-03T23:37:55,21.606100000000005
2021-06-03T23:38:13,21.593500000000006
2021-06-03T23:38:32,21.580900000000003
2021-06-03T23:38:50,21.562000000000005
2021-06-03T23:39:08,21.562000000000005
2021-06-03T23:39:27,21.562000000000005
2021-06-03T23:39:45,21.562000000000005
2021-06-03T23:40:04,21.562000000000005
2021-06-03T23:40:22,21.562000000000005
2021-06-03T23:40:40,21.562000000000005
2021-06-03T23:40:59,21.562000000000005
2021-06-03T23:41:17,21.562000000000005
2021-06-03T23:41:36,21.562000000000005
2021-06-03T23:41:54,21.562000000000005
2021-06-03T23:42:13,21.562000000000005
2021-06-03T23:42:31,21.562000000000005
2021-06-03T23:42:49,21.562000000000005
2021-06-03T23:43:08,21.562000000000005
2021-06-03T23:43:26,21.568300000000004
2021-06-03T23:43:45,21.562000000000005
2021-06-03T23:44:03,21.562000000000005
2021-06-03T23:44:22,21.562000000000005
2021-06-03T23:44:40,21.562000000000005
2021-06-03T23:44:58,21.562000000000005
2021-06-03T23:45:17,21.562000000000005
2021-06-03T23:45:35,21.562000000000005
2021-06-03T23:45:54,21.562000000000005
2021-06-03T23:46:12,21.562000000000005
2021-06-03T23:46:30,21.562000000000005
2021-06-03T23:46:49,21.562000000000005
2021-06-03T23:47:07,21.562000000000005
2021-06-03T23:47:26,21.562000000000005
2021-06-03T23:47:44,21.562000000000005
2021-06-03T23:48:02,21.562000000000005
2021-06-03T23:48:21,21.562000000000005
2021-06-03T23:48:39,21.562000000000005
2021-06-03T23:48:58,21.531
2021-06-03T23:49:16,21.531000000000002
2021-06-03T23:49:34,21.537200000000002
2021-06-03T23:49:53,21.549600000000005
2021-06-03T23:50:11,21.524800000000003
2021-06-03T23:50:30,21.531
2021-06-03T23:50:48,21.5186
2021-06-03T23:51:07,21.543400000000002
2021-06-03T23:51:25,21.543400000000002
2021-06-03T23:51:43,21.555800000000005
2021-06-03T23:52:02,21.562000000000005
2021-06-03T23:52:20,21.562000000000005
2021-06-03T23:52:39,21.562000000000005
2021-06-03T23:52:57,21.562000000000005
2021-06-03T23:53:16,21.562000000000005
2021-06-03T23:53:34,21.562000000000005
2021-06-03T23:53:52,21.562000000000005
2021-06-03T23:54:11,21.562000000000005
2021-06-03T23:54:29,21.562000000000005
2021-06-03T23:54:48,21.562000000000005
2021-06-03T23:55:06,21.562000000000005
2021-06-03T23:55:24,21.562000000000005
2021-06-03T23:55:43,21.562000000000005
2021-06-03T23:56:01,21.562000000000005
2021-06-03T23:56:20,21.562000000000005
2021-06-03T23:56:38,21.562000000000005
2021-06-03T23:56:57,21.562000000000005
2021-06-03T23:57:15,21.562000000000005
2021-06-03T23:57:33,21.562000000000005
2021-06-03T23:57:52,21.562000000000005
2021-06-03T23:58:10,21.555800000000005
2021-06-03T23:58:29,21.555800000000005
2021-06-03T23:58:47,21.562000000000005
2021-06-03T23:59:06,21.555800000000005
2021-06-03T23:59:24,21.555800000000005
2021-06-03T23:59:42,21.555800000000005
2021-06-04T00:00:01,21.562000000000005
